"Gene","Direction"
"6430_at","DOWN"
"677847_at","DOWN"
"10157_at","DOWN"
"4493_at","DOWN"
"439996_at","DOWN"
"57018_at","DOWN"
"3653_at","DOWN"
"101926962_at","DOWN"
"1655_at","DOWN"
"100507062_at","DOWN"
"7157_at","UP"
"64651_at","DOWN"
"1195_at","DOWN"
"113829_at","UP"
"767591_at","DOWN"
"57140_at","UP"
"84460_at","DOWN"
"22936_at","DOWN"
"50831_at","DOWN"
"25957_at","DOWN"
"100302650_at","DOWN"
"58986_at","UP"
"9817_at","UP"
"9584_at","DOWN"
"6238_at","UP"
"692227_at","DOWN"
"10263_at","UP"
"27099_at","DOWN"
"390916_at","UP"
"58517_at","DOWN"
"56005_at","UP"
"407006_at","DOWN"
"54206_at","DOWN"
"3040_at","UP"
"5364_at","UP"
"117283_at","DOWN"
"57494_at","DOWN"
"100873917_at","DOWN"
"4784_at","UP"
"9295_at","DOWN"
"654319_at","DOWN"
"257218_at","DOWN"
"339874_at","DOWN"
"2050_at","UP"
"51747_at","DOWN"
"57192_at","UP"
"7072_at","DOWN"
"647033_at","DOWN"
"645460_at","DOWN"
"25826_at","DOWN"
"10748_at","DOWN"
"4125_at","UP"
"23629_at","DOWN"
"26045_at","DOWN"
"101928784_at","DOWN"
"5295_at","DOWN"
"5996_at","DOWN"
"654321_at","DOWN"
"23451_at","DOWN"
"84572_at","UP"
"1175_at","UP"
"100289230_at","DOWN"
"3043_at","UP"
"79659_at","DOWN"
"54461_at","UP"
"4820_at","DOWN"
"22838_at","UP"
"8473_at","DOWN"
"100289511_at","DOWN"
"3039_at","UP"
"9481_at","DOWN"
"84275_at","DOWN"
"677771_at","DOWN"
"26118_at","DOWN"
"100873976_at","DOWN"
"284702_at","DOWN"
"101928141_at","DOWN"
"767597_at","DOWN"
"692108_at","DOWN"
"26804_at","DOWN"
"100775107_at","DOWN"
"643376_at","DOWN"
"283131_at","DOWN"
"100500880_at","DOWN"
"1471_at","UP"
"5144_at","DOWN"
"399670_at","DOWN"
"10908_at","UP"
"1105_at","DOWN"
"116828_at","DOWN"
"124245_at","UP"
"9774_at","DOWN"
"100131564_at","DOWN"
"130872_at","DOWN"
"4489_at","DOWN"
"55599_at","DOWN"
"5166_at","DOWN"
"378938_at","DOWN"
"493812_at","UP"
"5411_at","DOWN"
"101927217_at","DOWN"
"100874241_at","DOWN"
"145624_at","DOWN"
"158257_at","DOWN"
"406991_at","DOWN"
"51133_at","DOWN"
"4739_at","DOWN"
"114803_at","DOWN"
"10095_at","UP"
"85391_at","DOWN"
"100506413_at","DOWN"
"401024_at","DOWN"
"1768_at","DOWN"
"1060_at","DOWN"
"10443_at","DOWN"
"25966_at","UP"
"369_at","UP"
"9044_at","DOWN"
"100216546_at","DOWN"
"8899_at","DOWN"
"2767_at","UP"
"101928591_at","DOWN"
"54815_at","UP"
"8943_at","UP"
"7016_at","UP"
"27183_at","UP"
"7743_at","DOWN"
"55422_at","DOWN"
"79144_at","UP"
"100616166_at","DOWN"
"1300_at","DOWN"
"26262_at","UP"
"677845_at","DOWN"
"619383_at","DOWN"
"692088_at","DOWN"
"10945_at","UP"
"54978_at","UP"
"9988_at","DOWN"
"9302_at","DOWN"
"29888_at","UP"
"151613_at","DOWN"
"8321_at","UP"
"2289_at","DOWN"
"55608_at","DOWN"
"10960_at","UP"
"161436_at","DOWN"
"5566_at","UP"
"1509_at","UP"
"5518_at","UP"
"55082_at","DOWN"
"527_at","UP"
"23473_at","DOWN"
"29952_at","UP"
"22870_at","UP"
"26789_at","DOWN"
"57187_at","DOWN"
"130074_at","UP"
"10523_at","UP"
"23461_at","DOWN"
"84662_at","UP"
"221937_at","UP"
"6554_at","DOWN"
"1052_at","DOWN"
"84162_at","DOWN"
"25976_at","DOWN"
"80031_at","DOWN"
"92799_at","UP"
"378805_at","DOWN"
"92579_at","UP"
"100874096_at","DOWN"
"54790_at","DOWN"
"5045_at","UP"
"10919_at","UP"
"100507321_at","DOWN"
"50813_at","UP"
"65250_at","DOWN"
"392_at","UP"
"9299_at","DOWN"
"126321_at","UP"
"283373_at","UP"
"100500873_at","DOWN"
"199974_at","DOWN"
"55884_at","UP"
"3181_at","DOWN"
"9293_at","DOWN"
"10712_at","UP"
"10426_at","DOWN"
"100507242_at","DOWN"
"9601_at","UP"
"407036_at","DOWN"
"23041_at","DOWN"
"55920_at","UP"
"677832_at","DOWN"
"23641_at","UP"
"79960_at","DOWN"
"2275_at","UP"
"122509_at","UP"
"90799_at","DOWN"
"51588_at","UP"
"474338_at","DOWN"
"407026_at","DOWN"
"23399_at","UP"
"79940_at","DOWN"
"54929_at","UP"
"2314_at","UP"
"3064_at","UP"
"379013_at","DOWN"
"10897_at","UP"
"54482_at","DOWN"
"27090_at","UP"
"823_at","UP"
"646329_at","DOWN"
"677799_at","DOWN"
"100302692_at","DOWN"
"692090_at","DOWN"
"100616196_at","DOWN"
"55740_at","UP"
"23564_at","UP"
"84885_at","UP"
"6811_at","UP"
"113452_at","UP"
"10554_at","UP"
"2885_at","UP"
"100500904_at","DOWN"
"100033436_at","DOWN"
"153396_at","DOWN"
"55779_at","DOWN"
"259290_at","DOWN"
"64770_at","DOWN"
"100500805_at","DOWN"
"6651_at","DOWN"
"253959_at","DOWN"
"406969_at","DOWN"
"26771_at","DOWN"
"5499_at","UP"
"51715_at","UP"
"6229_at","DOWN"
"9334_at","UP"
"81502_at","UP"
"6723_at","UP"
"7922_at","UP"
"645843_at","DOWN"
"80205_at","DOWN"
"6421_at","DOWN"
"641451_at","DOWN"
"22937_at","UP"
"5589_at","UP"
"311_at","UP"
"56006_at","UP"
"1577_at","DOWN"
"27332_at","DOWN"
"767604_at","DOWN"
"54867_at","UP"
"101929425_at","DOWN"
"2931_at","UP"
"100124538_at","DOWN"
"101929529_at","DOWN"
"6322_at","DOWN"
"348254_at","DOWN"
"9209_at","DOWN"
"91694_at","DOWN"
"2896_at","UP"
"10521_at","DOWN"
"79735_at","UP"
"23135_at","UP"
"58190_at","UP"
"26505_at","UP"
"64223_at","UP"
"100874041_at","DOWN"
"64786_at","DOWN"
"692072_at","DOWN"
"55379_at","UP"
"81876_at","UP"
"10446_at","UP"
"54014_at","DOWN"
"5496_at","UP"
"26973_at","DOWN"
"692211_at","DOWN"
"2207_at","UP"
"25796_at","UP"
"677818_at","DOWN"
"23207_at","UP"
"9987_at","DOWN"
"100505658_at","DOWN"
"26751_at","DOWN"
"5531_at","UP"
"100874243_at","DOWN"
"51585_at","DOWN"
"1445_at","UP"
"55096_at","DOWN"
"3475_at","DOWN"
"7763_at","DOWN"
"399909_at","UP"
"100313771_at","DOWN"
"619568_at","DOWN"
"7264_at","UP"
"100874021_at","DOWN"
"125988_at","UP"
"7351_at","UP"
"9736_at","DOWN"
"5034_at","UP"
"9572_at","UP"
"27348_at","UP"
"9300_at","DOWN"
"6449_at","UP"
"54429_at","DOWN"
"53635_at","UP"
"84687_at","UP"
"2580_at","UP"
"3635_at","UP"
"687_at","DOWN"
"10273_at","UP"
"602_at","UP"
"4771_at","UP"
"5093_at","UP"
"23301_at","DOWN"
"101929491_at","DOWN"
"27241_at","DOWN"
"7703_at","UP"
"56969_at","DOWN"
"6835_at","UP"
"375519_at","DOWN"
"101929302_at","DOWN"
"84769_at","UP"
"100131117_at","DOWN"
"56829_at","UP"
"23350_at","DOWN"
"100505716_at","DOWN"
"100505696_at","DOWN"
"79594_at","UP"
"143884_at","DOWN"
"5519_at","DOWN"
"729438_at","UP"
"90120_at","UP"
"339883_at","DOWN"
"29994_at","DOWN"
"654841_at","DOWN"
"284361_at","UP"
"284695_at","DOWN"
"23589_at","UP"
"677810_at","DOWN"
"100288798_at","DOWN"
"26001_at","UP"
"57730_at","DOWN"
"11282_at","UP"
"64332_at","DOWN"
"4650_at","UP"
"79612_at","DOWN"
"162427_at","UP"
"7917_at","UP"
"8078_at","UP"
"100616349_at","DOWN"
"94104_at","DOWN"
"5976_at","UP"
"51341_at","UP"
"3178_at","DOWN"
"10421_at","UP"
"58191_at","UP"
"9619_at","UP"
"79143_at","UP"
"4515_at","DOWN"
"84190_at","DOWN"
"8087_at","DOWN"
"9516_at","UP"
"60625_at","DOWN"
"684959_at","DOWN"
"148362_at","UP"
"6050_at","UP"
"5276_at","DOWN"
"100272228_at","DOWN"
"54454_at","DOWN"
"23295_at","UP"
"149603_at","UP"
"81847_at","DOWN"
"9958_at","DOWN"
"3489_at","UP"
"6778_at","UP"
"5119_at","UP"
"8878_at","UP"
"1974_at","DOWN"
"4615_at","UP"
"2588_at","UP"
"29894_at","UP"
"100996511_at","DOWN"
"54469_at","DOWN"
"2286_at","UP"
"677814_at","DOWN"
"10291_at","UP"
"90632_at","DOWN"
"101928829_at","DOWN"
"1536_at","UP"
"2354_at","DOWN"
"10493_at","UP"
"641977_at","DOWN"
"130940_at","DOWN"
"55731_at","UP"
"92806_at","UP"
"199990_at","UP"
"9149_at","UP"
"79811_at","DOWN"
"4150_at","UP"
"9141_at","DOWN"
"10349_at","DOWN"
"29978_at","UP"
"93627_at","DOWN"
"1316_at","DOWN"
"23360_at","DOWN"
"11344_at","UP"
"49855_at","DOWN"
"51150_at","UP"
"57396_at","DOWN"
"100287569_at","DOWN"
"7538_at","DOWN"
"23220_at","UP"
"23368_at","UP"
"6675_at","DOWN"
"60487_at","DOWN"
"9092_at","UP"
"10474_at","UP"
"79701_at","UP"
"51655_at","DOWN"
"64848_at","DOWN"
"100033821_at","DOWN"
"56832_at","DOWN"
"347862_at","UP"
"400242_at","DOWN"
"23373_at","UP"
"409_at","UP"
"100507367_at","DOWN"
"6427_at","DOWN"
"54778_at","UP"
"79414_at","UP"
"54103_at","DOWN"
"162_at","UP"
"23484_at","UP"
"10984_at","DOWN"
"6659_at","UP"
"112616_at","UP"
"91107_at","UP"
"84876_at","UP"
"2595_at","DOWN"
"378925_at","DOWN"
"55690_at","UP"
"64061_at","DOWN"
"693143_at","DOWN"
"578_at","UP"
"401105_at","DOWN"
"692111_at","DOWN"
"1611_at","UP"
"100507217_at","DOWN"
"7791_at","UP"
"51330_at","UP"
"23603_at","UP"
"10772_at","DOWN"
"79180_at","UP"
"55966_at","UP"
"112812_at","UP"
"4035_at","UP"
"102724811_at","DOWN"
"5777_at","UP"
"1436_at","UP"
"23598_at","UP"
"55239_at","UP"
"11082_at","DOWN"
"202299_at","DOWN"
"25930_at","UP"
"693197_at","DOWN"
"23014_at","DOWN"
"100507098_at","DOWN"
"10318_at","UP"
"100874291_at","DOWN"
"4043_at","UP"
"10560_at","DOWN"
"55654_at","UP"
"1278_at","UP"
"81550_at","DOWN"
"84752_at","UP"
"50488_at","UP"
"9921_at","UP"
"58526_at","UP"
"309_at","UP"
"27316_at","DOWN"
"9545_at","UP"
"8013_at","DOWN"
"100507577_at","DOWN"
"83743_at","UP"
"8818_at","UP"
"83985_at","UP"
"79890_at","UP"
"9906_at","UP"
"5127_at","UP"
"64114_at","UP"
"9406_at","DOWN"
"7040_at","UP"
"55186_at","DOWN"
"554201_at","DOWN"
"140459_at","UP"
"286077_at","UP"
"51366_at","DOWN"
"8724_at","UP"
"100128054_at","DOWN"
"58487_at","DOWN"
"101927884_at","DOWN"
"3728_at","UP"
"23398_at","DOWN"
"140890_at","DOWN"
"51155_at","UP"
"4814_at","UP"
"23466_at","UP"
"1059_at","UP"
"5970_at","UP"
"100337591_at","DOWN"
"56905_at","UP"
"5914_at","UP"
"23469_at","DOWN"
"56664_at","DOWN"
"79315_at","DOWN"
"101927783_at","DOWN"
"26795_at","DOWN"
"22809_at","UP"
"400506_at","UP"
"11214_at","DOWN"
"402176_at","DOWN"
"767563_at","DOWN"
"8625_at","UP"
"57728_at","DOWN"
"1981_at","UP"
"22933_at","UP"
"6483_at","UP"
"10491_at","UP"
"4982_at","UP"
"4225_at","DOWN"
"100874231_at","DOWN"
"54788_at","UP"
"440944_at","DOWN"
"203522_at","DOWN"
"100131561_at","DOWN"
"57448_at","DOWN"
"112770_at","UP"
"677679_at","DOWN"
"10498_at","UP"
"9862_at","UP"
"23235_at","DOWN"
"100302164_at","DOWN"
"100616372_at","DOWN"
"55692_at","DOWN"
"4322_at","DOWN"
"51631_at","DOWN"
"8560_at","UP"
"65993_at","UP"
"26791_at","DOWN"
"4947_at","UP"
"10195_at","UP"
"23067_at","UP"
"693155_at","DOWN"
"253260_at","DOWN"
"10280_at","UP"
"28999_at","DOWN"
"78992_at","UP"
"54107_at","UP"
"10755_at","UP"
"2796_at","DOWN"
"767589_at","DOWN"
"902_at","DOWN"
"101928830_at","DOWN"
"10589_at","UP"
"10003_at","DOWN"
"101927084_at","DOWN"
"80024_at","UP"
"101928471_at","DOWN"
"373_at","DOWN"
"50840_at","DOWN"
"55125_at","DOWN"
"100422909_at","DOWN"
"410_at","UP"
"5694_at","UP"
"51455_at","DOWN"
"50839_at","DOWN"
"24138_at","DOWN"
"221078_at","DOWN"
"10808_at","DOWN"
"6328_at","DOWN"
"595_at","UP"
"57130_at","UP"
"51070_at","UP"
"5725_at","UP"
"101929540_at","DOWN"
"63891_at","UP"
"55914_at","DOWN"
"285512_at","DOWN"
"100873980_at","DOWN"
"10608_at","UP"
"54558_at","DOWN"
"57479_at","UP"
"3054_at","UP"
"26137_at","DOWN"
"10749_at","UP"
"101928323_at","DOWN"
"10870_at","UP"
"51594_at","DOWN"
"23195_at","DOWN"
"100506195_at","DOWN"
"102724775_at","DOWN"
"10155_at","UP"
"4974_at","DOWN"
"101927378_at","DOWN"
"81603_at","UP"
"55362_at","UP"
"5216_at","UP"
"677793_at","DOWN"
"79671_at","UP"
"54658_at","DOWN"
"23196_at","UP"
"55116_at","UP"
"6319_at","UP"
"56171_at","DOWN"
"100874372_at","DOWN"
"2897_at","DOWN"
"9275_at","UP"
"10930_at","DOWN"
"101929754_at","DOWN"
"55315_at","UP"
"79095_at","UP"
"54541_at","DOWN"
"157381_at","DOWN"
"259292_at","DOWN"
"57337_at","DOWN"
"2987_at","UP"
"2625_at","UP"
"81855_at","UP"
"25921_at","UP"
"90522_at","UP"
"54784_at","UP"
"6814_at","DOWN"
"9993_at","UP"
"23369_at","DOWN"
"550_at","UP"
"23208_at","UP"
"60626_at","UP"
"27242_at","UP"
"7700_at","DOWN"
"8772_at","UP"
"161_at","UP"
"81572_at","UP"
"23435_at","DOWN"
"10847_at","UP"
"137964_at","UP"
"572_at","UP"
"7840_at","DOWN"
"7701_at","UP"
"359948_at","DOWN"
"81622_at","UP"
"101929095_at","DOWN"
"54985_at","UP"
"408263_at","DOWN"
"10423_at","UP"
"55544_at","UP"
"10025_at","UP"
"54958_at","UP"
"117531_at","DOWN"
"2011_at","UP"
"780_at","UP"
"115098_at","UP"
"2841_at","DOWN"
"7704_at","DOWN"
"396_at","UP"
"11253_at","UP"
"10927_at","DOWN"
"406997_at","DOWN"
"27351_at","UP"
"11316_at","UP"
"55343_at","UP"
"85389_at","DOWN"
"4929_at","DOWN"
"677801_at","DOWN"
"10296_at","UP"
"400410_at","DOWN"
"29108_at","UP"
"81839_at","UP"
"25870_at","UP"
"8666_at","UP"
"9392_at","UP"
"5025_at","UP"
"126074_at","UP"
"64855_at","UP"
"2070_at","DOWN"
"693209_at","DOWN"
"65975_at","DOWN"
"5986_at","UP"
"340481_at","DOWN"
"126393_at","UP"
"692063_at","DOWN"
"100873770_at","DOWN"
"666_at","UP"
"9640_at","UP"
"54674_at","DOWN"
"6873_at","DOWN"
"84059_at","DOWN"
"54464_at","DOWN"
"646201_at","DOWN"
"51303_at","UP"
"80144_at","DOWN"
"84629_at","UP"
"9294_at","UP"
"254531_at","UP"
"9409_at","UP"
"58475_at","UP"
"101954267_at","DOWN"
"51293_at","UP"
"100033431_at","DOWN"
"115207_at","UP"
"442920_at","UP"
"130507_at","DOWN"
"10735_at","DOWN"
"55697_at","UP"
"3183_at","DOWN"
"152002_at","UP"
"9454_at","UP"
"1650_at","UP"
"56928_at","UP"
"1106_at","DOWN"
"390066_at","DOWN"
"81857_at","UP"
"100130889_at","DOWN"
"84858_at","UP"
"114789_at","DOWN"
"100124516_at","DOWN"
"101929709_at","DOWN"
"23033_at","DOWN"
"10999_at","UP"
"100507381_at","DOWN"
"55009_at","UP"
"101929517_at","DOWN"
"57222_at","UP"
"100873779_at","DOWN"
"949_at","UP"
"9852_at","DOWN"
"57655_at","UP"
"6434_at","DOWN"
"10211_at","UP"
"283970_at","DOWN"
"26586_at","UP"
"90780_at","UP"
"63982_at","DOWN"
"29103_at","UP"
"9091_at","UP"
"51175_at","DOWN"
"90139_at","UP"
"541466_at","UP"
"93663_at","DOWN"
"79882_at","DOWN"
"259295_at","DOWN"
"5878_at","UP"
"83855_at","UP"
"7305_at","UP"
"23476_at","UP"
"51228_at","UP"
"4811_at","UP"
"79016_at","UP"
"56899_at","DOWN"
"10548_at","UP"
"5331_at","UP"
"407032_at","DOWN"
"5926_at","DOWN"
"87_at","UP"
"200316_at","UP"
"101928062_at","DOWN"
"10645_at","UP"
"100507299_at","DOWN"
"23246_at","UP"
"6829_at","UP"
"26775_at","DOWN"
"116151_at","UP"
"1173_at","UP"
"51284_at","UP"
"11021_at","UP"
"22852_at","DOWN"
"3838_at","UP"
"780854_at","DOWN"
"2997_at","UP"
"54785_at","UP"
"2539_at","UP"
"130749_at","DOWN"
"677805_at","DOWN"
"100500802_at","DOWN"
"245711_at","DOWN"
"80303_at","UP"
"7507_at","DOWN"
"100033438_at","DOWN"
"5925_at","UP"
"90121_at","UP"
"4548_at","DOWN"
"84726_at","UP"
"80790_at","UP"
"9130_at","UP"
"6609_at","UP"
"574040_at","DOWN"
"100287497_at","DOWN"
"27297_at","UP"
"101928769_at","DOWN"
"51545_at","UP"
"22836_at","DOWN"
"58485_at","UP"
"102723744_at","DOWN"
"1398_at","UP"
"158160_at","DOWN"
"340811_at","DOWN"
"4245_at","UP"
"1845_at","UP"
"26015_at","UP"
"100628315_at","DOWN"
"65992_at","UP"
"166968_at","DOWN"
"10140_at","DOWN"
"284018_at","UP"
"100500876_at","DOWN"
"253769_at","DOWN"
"150737_at","UP"
"404093_at","UP"
"50836_at","DOWN"
"29855_at","UP"
"55361_at","UP"
"79102_at","UP"
"64601_at","UP"
"7153_at","UP"
"9984_at","DOWN"
"64771_at","UP"
"156_at","UP"
"4321_at","DOWN"
"388552_at","UP"
"100033820_at","DOWN"
"83442_at","UP"
"22808_at","UP"
"9144_at","UP"
"64847_at","UP"
"170954_at","UP"
"80331_at","UP"
"55626_at","UP"
"337875_at","UP"
"79087_at","UP"
"7343_at","UP"
"5289_at","DOWN"
"195827_at","UP"
"25792_at","UP"
"10980_at","UP"
"63905_at","UP"
"10868_at","UP"
"55080_at","UP"
"54901_at","DOWN"
"400360_at","DOWN"
"23224_at","DOWN"
"4296_at","UP"
"5604_at","UP"
"64901_at","DOWN"
"57104_at","UP"
"4649_at","DOWN"
"6095_at","DOWN"
"157680_at","DOWN"
"4313_at","UP"
"112464_at","UP"
"4783_at","DOWN"
"165_at","UP"
"6282_at","UP"
"5876_at","DOWN"
"10544_at","UP"
"9761_at","UP"
"10417_at","UP"
"100132352_at","DOWN"
"23299_at","UP"
"84926_at","UP"
"4055_at","UP"
"114799_at","DOWN"
"1889_at","UP"
"389_at","UP"
"6720_at","UP"
"8636_at","UP"
"100507520_at","DOWN"
"151636_at","UP"
"594837_at","DOWN"
"114327_at","DOWN"
"374618_at","DOWN"
"200942_at","UP"
"84164_at","UP"
"25998_at","DOWN"
"128486_at","UP"
"399687_at","UP"
"23381_at","UP"
"376940_at","DOWN"
"2744_at","DOWN"
"8570_at","UP"
"4668_at","UP"
"79724_at","UP"
"199223_at","DOWN"
"692199_at","DOWN"
"148696_at","DOWN"
"79709_at","UP"
"644656_at","DOWN"
"7456_at","UP"
"102724484_at","DOWN"
"407007_at","DOWN"
"54964_at","UP"
"27158_at","UP"
"23154_at","UP"
"24147_at","UP"
"101929385_at","DOWN"
"100996307_at","DOWN"
"65117_at","DOWN"
"27339_at","UP"
"7345_at","UP"
"55506_at","UP"
"29984_at","UP"
"100507113_at","DOWN"
"11100_at","UP"
"2870_at","UP"
"116071_at","UP"
"100616491_at","DOWN"
"23211_at","UP"
"101410538_at","UP"
"200186_at","UP"
"767594_at","DOWN"
"100126320_at","DOWN"
"25_at","UP"
"735_at","DOWN"
"3304_at","DOWN"
"285033_at","UP"
"83637_at","UP"
"55738_at","UP"
"55015_at","DOWN"
"29800_at","UP"
"693230_at","DOWN"
"10437_at","UP"
"79741_at","DOWN"
"643036_at","DOWN"
"26805_at","DOWN"
"8694_at","UP"
"401115_at","UP"
"51602_at","DOWN"
"102724508_at","DOWN"
"101927031_at","DOWN"
"26017_at","UP"
"6432_at","DOWN"
"51690_at","UP"
"9497_at","DOWN"
"57579_at","DOWN"
"28962_at","UP"
"55159_at","UP"
"100507267_at","DOWN"
"23654_at","UP"
"100873765_at","DOWN"
"23753_at","UP"
"9931_at","DOWN"
"85379_at","UP"
"692075_at","DOWN"
"10572_at","UP"
"55110_at","DOWN"
"4298_at","UP"
"10180_at","DOWN"
"100505768_at","DOWN"
"147179_at","UP"
"91304_at","UP"
"619569_at","DOWN"
"115111_at","DOWN"
"100616325_at","DOWN"
"6813_at","UP"
"203_at","UP"
"101929162_at","DOWN"
"100303749_at","DOWN"
"25797_at","UP"
"7805_at","UP"
"196792_at","DOWN"
"64319_at","UP"
"54806_at","DOWN"
"1476_at","UP"
"246777_at","UP"
"79650_at","UP"
"25914_at","DOWN"
"100507567_at","UP"
"1284_at","UP"
"23125_at","UP"
"10981_at","UP"
"8907_at","UP"
"26504_at","UP"
"6874_at","UP"
"6199_at","UP"
"11156_at","UP"
"284541_at","DOWN"
"102723403_at","DOWN"
"253018_at","DOWN"
"6305_at","UP"
"83986_at","UP"
"100302273_at","DOWN"
"3654_at","UP"
"23262_at","DOWN"
"100874212_at","DOWN"
"729515_at","UP"
"65065_at","DOWN"
"9797_at","UP"
"60681_at","UP"
"8407_at","UP"
"28956_at","UP"
"26469_at","UP"
"339977_at","DOWN"
"5585_at","UP"
"9158_at","UP"
"26099_at","UP"
"100874253_at","DOWN"
"51160_at","UP"
"23396_at","UP"
"26822_at","DOWN"
"23400_at","UP"
"9782_at","DOWN"
"9578_at","UP"
"208_at","UP"
"4323_at","UP"
"101929115_at","DOWN"
"11334_at","UP"
"6448_at","UP"
"84765_at","DOWN"
"55577_at","UP"
"100874204_at","DOWN"
"84146_at","DOWN"
"2067_at","UP"
"102724422_at","DOWN"
"728655_at","DOWN"
"23304_at","DOWN"
"57215_at","UP"
"4069_at","UP"
"81669_at","DOWN"
"54512_at","UP"
"84447_at","UP"
"23214_at","UP"
"22980_at","UP"
"102723590_at","DOWN"
"79039_at","UP"
"124808_at","UP"
"692085_at","DOWN"
"960_at","UP"
"29844_at","UP"
"693229_at","DOWN"
"26173_at","UP"
"5932_at","DOWN"
"81698_at","DOWN"
"284900_at","DOWN"
"4324_at","UP"
"1950_at","DOWN"
"102723877_at","DOWN"
"26784_at","DOWN"
"5287_at","UP"
"57228_at","UP"
"122773_at","DOWN"
"30000_at","UP"
"29095_at","UP"
"339201_at","UP"
"55122_at","UP"
"7837_at","UP"
"374291_at","UP"
"137872_at","DOWN"
"55643_at","UP"
"8764_at","UP"
"5971_at","UP"
"8085_at","UP"
"3570_at","DOWN"
"65072_at","DOWN"
"8884_at","UP"
"1660_at","DOWN"
"85451_at","UP"
"3460_at","UP"
"11338_at","UP"
"6079_at","DOWN"
"26090_at","UP"
"348262_at","UP"
"3455_at","UP"
"79101_at","DOWN"
"90529_at","UP"
"124491_at","UP"
"5775_at","DOWN"
"84975_at","UP"
"6881_at","UP"
"7326_at","UP"
"11141_at","DOWN"
"100507495_at","DOWN"
"972_at","UP"
"100874313_at","DOWN"
"84292_at","UP"
"5431_at","DOWN"
"101928461_at","DOWN"
"11230_at","UP"
"647087_at","UP"
"49854_at","DOWN"
"57804_at","UP"
"50832_at","DOWN"
"196441_at","DOWN"
"55624_at","UP"
"3217_at","UP"
"55614_at","DOWN"
"23558_at","UP"
"9807_at","UP"
"54407_at","DOWN"
"84937_at","UP"
"3159_at","UP"
"677812_at","DOWN"
"4660_at","DOWN"
"3839_at","UP"
"1455_at","UP"
"780853_at","DOWN"
"9342_at","UP"
"6836_at","UP"
"65267_at","DOWN"
"693166_at","DOWN"
"23163_at","UP"
"85459_at","DOWN"
"219972_at","UP"
"5479_at","UP"
"6281_at","UP"
"54795_at","UP"
"9270_at","UP"
"648740_at","DOWN"
"55780_at","DOWN"
"23636_at","UP"
"162655_at","DOWN"
"54941_at","UP"
"84197_at","UP"
"5903_at","DOWN"
"84883_at","UP"
"79792_at","UP"
"337971_at","DOWN"
"117145_at","DOWN"
"387712_at","DOWN"
"145567_at","UP"
"692200_at","DOWN"
"51428_at","UP"
"5514_at","DOWN"
"2752_at","DOWN"
"54622_at","DOWN"
"29803_at","UP"
"1453_at","UP"
"8477_at","UP"
"100126780_at","DOWN"
"55756_at","UP"
"220359_at","DOWN"
"285600_at","DOWN"
"10859_at","UP"
"7165_at","UP"
"101926971_at","DOWN"
"51645_at","UP"
"4946_at","UP"
"5886_at","UP"
"6902_at","DOWN"
"3487_at","UP"
"10525_at","UP"
"51307_at","UP"
"126308_at","UP"
"283480_at","DOWN"
"51574_at","DOWN"
"283518_at","DOWN"
"91782_at","UP"
"9784_at","UP"
"6598_at","UP"
"57103_at","UP"
"4752_at","DOWN"
"57190_at","UP"
"4839_at","UP"
"158293_at","UP"
"11259_at","DOWN"
"85014_at","UP"
"4669_at","UP"
"7174_at","DOWN"
"283417_at","DOWN"
"2520_at","DOWN"
"84065_at","UP"
"56916_at","DOWN"
"407019_at","DOWN"
"1186_at","UP"
"2533_at","UP"
"8879_at","UP"
"9114_at","UP"
"53353_at","DOWN"
"349633_at","DOWN"
"100506606_at","DOWN"
"85388_at","DOWN"
"57171_at","UP"
"693122_at","DOWN"
"677830_at","DOWN"
"7706_at","UP"
"2086_at","DOWN"
"226_at","UP"
"116541_at","UP"
"23405_at","DOWN"
"337873_at","DOWN"
"23144_at","UP"
"25925_at","DOWN"
"7052_at","UP"
"7181_at","DOWN"
"22877_at","UP"
"23390_at","DOWN"
"220729_at","DOWN"
"6786_at","UP"
"6522_at","UP"
"646300_at","DOWN"
"1774_at","UP"
"339324_at","UP"
"976_at","UP"
"6388_at","UP"
"402_at","UP"
"9230_at","UP"
"537_at","UP"
"143384_at","UP"
"100127888_at","DOWN"
"11264_at","UP"
"9097_at","UP"
"1654_at","DOWN"
"10244_at","UP"
"57465_at","UP"
"55749_at","DOWN"
"283209_at","UP"
"102723809_at","DOWN"
"23670_at","DOWN"
"23331_at","UP"
"89978_at","DOWN"
"101927184_at","DOWN"
"101928020_at","DOWN"
"10208_at","DOWN"
"9657_at","DOWN"
"595100_at","DOWN"
"84861_at","UP"
"94162_at","DOWN"
"100132594_at","DOWN"
"100113384_at","DOWN"
"79473_at","DOWN"
"161142_at","DOWN"
"8019_at","UP"
"1874_at","UP"
"64837_at","UP"
"587_at","UP"
"3895_at","DOWN"
"9759_at","UP"
"140803_at","DOWN"
"57035_at","DOWN"
"118491_at","DOWN"
"56931_at","UP"
"54471_at","UP"
"100506860_at","DOWN"
"6231_at","UP"
"6182_at","UP"
"28952_at","UP"
"5460_at","DOWN"
"101927944_at","DOWN"
"6405_at","UP"
"126859_at","DOWN"
"100130557_at","DOWN"
"10018_at","DOWN"
"101929577_at","DOWN"
"5533_at","DOWN"
"84717_at","UP"
"11185_at","UP"
"896_at","UP"
"100033430_at","DOWN"
"100616432_at","DOWN"
"6655_at","DOWN"
"9919_at","UP"
"116938_at","DOWN"
"54555_at","UP"
"101752399_at","DOWN"
"124565_at","UP"
"10226_at","UP"
"8192_at","UP"
"10153_at","DOWN"
"3107_at","UP"
"26003_at","UP"
"100128590_at","DOWN"
"1520_at","UP"
"1535_at","UP"
"84656_at","UP"
"414061_at","DOWN"
"55472_at","DOWN"
"196463_at","UP"
"23358_at","DOWN"
"5768_at","UP"
"284047_at","DOWN"
"3204_at","UP"
"26091_at","DOWN"
"26020_at","UP"
"259294_at","DOWN"
"4849_at","UP"
"6302_at","UP"
"7376_at","UP"
"57617_at","UP"
"56882_at","UP"
"101928916_at","DOWN"
"55814_at","DOWN"
"285501_at","DOWN"
"29954_at","UP"
"2798_at","DOWN"
"83733_at","DOWN"
"79089_at","UP"
"79697_at","UP"
"23710_at","DOWN"
"406939_at","DOWN"
"55031_at","DOWN"
"84002_at","DOWN"
"100507537_at","DOWN"
"26253_at","DOWN"
"23061_at","UP"
"11068_at","UP"
"65057_at","UP"
"3338_at","UP"
"56926_at","UP"
"3607_at","UP"
"100616343_at","DOWN"
"55617_at","DOWN"
"8123_at","DOWN"
"100128338_at","UP"
"9112_at","UP"
"9703_at","UP"
"100302186_at","DOWN"
"51231_at","UP"
"677826_at","DOWN"
"57763_at","DOWN"
"100500905_at","UP"
"102723355_at","DOWN"
"128989_at","UP"
"145474_at","DOWN"
"767583_at","DOWN"
"100113392_at","DOWN"
"285550_at","DOWN"
"10444_at","UP"
"29925_at","UP"
"734_at","DOWN"
"340544_at","DOWN"
"29945_at","DOWN"
"100189589_at","DOWN"
"81575_at","DOWN"
"84232_at","UP"
"56890_at","DOWN"
"677792_at","DOWN"
"90627_at","DOWN"
"55851_at","UP"
"100526820_at","DOWN"
"643432_at","DOWN"
"10486_at","UP"
"112479_at","DOWN"
"221035_at","UP"
"3587_at","UP"
"977_at","UP"
"5877_at","UP"
"100113382_at","DOWN"
"8665_at","UP"
"29015_at","UP"
"2548_at","UP"
"64077_at","UP"
"692205_at","DOWN"
"25829_at","UP"
"101927858_at","DOWN"
"101928053_at","DOWN"
"441208_at","DOWN"
"81619_at","UP"
"338323_at","DOWN"
"1594_at","DOWN"
"93487_at","UP"
"152118_at","DOWN"
"100131755_at","DOWN"
"7045_at","UP"
"29985_at","UP"
"84269_at","UP"
"100302209_at","DOWN"
"94161_at","DOWN"
"84309_at","UP"
"2131_at","UP"
"1522_at","UP"
"55662_at","UP"
"2962_at","UP"
"10695_at","UP"
"55317_at","UP"
"6497_at","UP"
"4282_at","UP"
"101927610_at","DOWN"
"10014_at","UP"
"200172_at","DOWN"
"8794_at","UP"
"11007_at","UP"
"751816_at","DOWN"
"5708_at","UP"
"2356_at","UP"
"6120_at","DOWN"
"10744_at","DOWN"
"2531_at","UP"
"23077_at","DOWN"
"283951_at","UP"
"55297_at","DOWN"
"692223_at","DOWN"
"3071_at","UP"
"79658_at","DOWN"
"56927_at","UP"
"51157_at","UP"
"664709_at","DOWN"
"2307_at","UP"
"203228_at","DOWN"
"129881_at","DOWN"
"4691_at","DOWN"
"728489_at","UP"
"100129424_at","DOWN"
"80228_at","UP"
"56261_at","DOWN"
"55114_at","UP"
"54707_at","UP"
"387111_at","DOWN"
"101927365_at","DOWN"
"767593_at","DOWN"
"93183_at","UP"
"5526_at","UP"
"4174_at","UP"
"57577_at","DOWN"
"8216_at","UP"
"693152_at","DOWN"
"100131434_at","DOWN"
"23081_at","DOWN"
"150290_at","UP"
"7090_at","UP"
"494513_at","DOWN"
"64097_at","UP"
"2635_at","UP"
"57634_at","UP"
"132949_at","DOWN"
"2920_at","DOWN"
"677800_at","DOWN"
"253430_at","UP"
"714_at","UP"
"3927_at","UP"
"8536_at","UP"
"149076_at","UP"
"51684_at","UP"
"3689_at","UP"
"56977_at","UP"
"118813_at","UP"
"10238_at","UP"
"113178_at","UP"
"8260_at","UP"
"3014_at","UP"
"203069_at","UP"
"10385_at","UP"
"654322_at","DOWN"
"101928451_at","DOWN"
"5977_at","UP"
"11285_at","UP"
"706_at","UP"
"148022_at","UP"
"101926931_at","DOWN"
"166_at","UP"
"4134_at","UP"
"10714_at","DOWN"
"1843_at","DOWN"
"8525_at","UP"
"6576_at","UP"
"23015_at","DOWN"
"101927244_at","DOWN"
"84720_at","UP"
"284352_at","UP"
"7750_at","DOWN"
"100033426_at","DOWN"
"100506215_at","DOWN"
"57585_at","UP"
"102724059_at","DOWN"
"28439_at","DOWN"
"4499_at","DOWN"
"8349_at","UP"
"150709_at","DOWN"
"7178_at","DOWN"
"23463_at","UP"
"340351_at","DOWN"
"55312_at","UP"
"117584_at","UP"
"26813_at","DOWN"
"10277_at","UP"
"3708_at","DOWN"
"283596_at","DOWN"
"163732_at","UP"
"55628_at","DOWN"
"23166_at","UP"
"6041_at","UP"
"7984_at","UP"
"11249_at","DOWN"
"101928714_at","DOWN"
"90956_at","UP"
"9905_at","UP"
"4694_at","DOWN"
"23646_at","UP"
"8916_at","DOWN"
"100507053_at","DOWN"
"10362_at","UP"
"1281_at","UP"
"25953_at","UP"
"5602_at","DOWN"
"54849_at","UP"
"26785_at","DOWN"
"286097_at","DOWN"
"3339_at","UP"
"6748_at","UP"
"7329_at","UP"
"100033427_at","DOWN"
"27163_at","UP"
"55183_at","DOWN"
"26136_at","UP"
"25809_at","UP"
"4686_at","DOWN"
"10522_at","UP"
"100616468_at","DOWN"
"101927845_at","DOWN"
"85440_at","DOWN"
"22845_at","UP"
"51006_at","UP"
"10388_at","DOWN"
"64428_at","UP"
"2193_at","UP"
"170850_at","DOWN"
"11079_at","UP"
"3609_at","UP"
"693189_at","DOWN"
"200081_at","UP"
"10350_at","DOWN"
"2889_at","UP"
"118881_at","UP"
"55290_at","UP"
"51388_at","UP"
"10607_at","UP"
"5803_at","DOWN"
"799_at","DOWN"
"8445_at","UP"
"23241_at","UP"
"100169989_at","DOWN"
"23625_at","UP"
"400043_at","UP"
"25850_at","DOWN"
"100506898_at","DOWN"
"102724552_at","DOWN"
"5306_at","UP"
"100313830_at","DOWN"
"54986_at","DOWN"
"9344_at","UP"
"2813_at","DOWN"
"3816_at","DOWN"
"55719_at","DOWN"
"145483_at","UP"
"30061_at","UP"
"267010_at","DOWN"
"9360_at","DOWN"
"1786_at","UP"
"64393_at","UP"
"91748_at","UP"
"254778_at","DOWN"
"4832_at","UP"
"81545_at","DOWN"
"23031_at","UP"
"6548_at","UP"
"9632_at","UP"
"55769_at","DOWN"
"5333_at","UP"
"55666_at","UP"
"27125_at","DOWN"
"221264_at","DOWN"
"4061_at","UP"
"57715_at","UP"
"1154_at","DOWN"
"79165_at","UP"
"25941_at","UP"
"3074_at","UP"
"4117_at","DOWN"
"56975_at","UP"
"283624_at","DOWN"
"6878_at","UP"
"1043_at","UP"
"112939_at","UP"
"9588_at","DOWN"
"6988_at","UP"
"54862_at","UP"
"692213_at","DOWN"
"79654_at","UP"
"677767_at","DOWN"
"9597_at","DOWN"
"693148_at","DOWN"
"581_at","UP"
"826_at","UP"
"1777_at","UP"
"2907_at","UP"
"10922_at","UP"
"79142_at","UP"
"84984_at","UP"
"3340_at","UP"
"401014_at","DOWN"
"9019_at","UP"
"3257_at","UP"
"26800_at","DOWN"
"1230_at","UP"
"6241_at","UP"
"414189_at","DOWN"
"10171_at","DOWN"
"8985_at","UP"
"80174_at","UP"
"5562_at","DOWN"
"5441_at","UP"
"124583_at","UP"
"5900_at","UP"
"54463_at","DOWN"
"1856_at","UP"
"55176_at","DOWN"
"57410_at","UP"
"9777_at","UP"
"266655_at","UP"
"101929633_at","DOWN"
"649946_at","DOWN"
"128637_at","UP"
"9765_at","DOWN"
"1282_at","UP"
"101930644_at","DOWN"
"10101_at","UP"
"10459_at","UP"
"677807_at","DOWN"
"100507347_at","UP"
"114785_at","UP"
"2282_at","DOWN"
"3916_at","UP"
"22995_at","DOWN"
"100505738_at","DOWN"
"55226_at","UP"
"84342_at","UP"
"387496_at","UP"
"145788_at","UP"
"11284_at","UP"
"57693_at","UP"
"286006_at","DOWN"
"57567_at","UP"
"26774_at","DOWN"
"4074_at","UP"
"406949_at","DOWN"
"147807_at","UP"
"203068_at","UP"
"55353_at","UP"
"4791_at","UP"
"5818_at","UP"
"8717_at","UP"
"26808_at","DOWN"
"10300_at","UP"
"4713_at","UP"
"57150_at","DOWN"
"9898_at","UP"
"80217_at","DOWN"
"768218_at","DOWN"
"80335_at","UP"
"1958_at","DOWN"
"9948_at","UP"
"2241_at","DOWN"
"871_at","UP"
"8722_at","UP"
"26249_at","DOWN"
"2245_at","UP"
"754_at","UP"
"9847_at","DOWN"
"121457_at","UP"
"91746_at","DOWN"
"8396_at","UP"
"2990_at","UP"
"116985_at","UP"
"100422965_at","DOWN"
"130502_at","DOWN"
"1201_at","UP"
"4023_at","DOWN"
"6791_at","DOWN"
"2589_at","UP"
"1368_at","DOWN"
"54942_at","UP"
"6876_at","UP"
"284611_at","UP"
"6892_at","UP"
"129531_at","DOWN"
"100134040_at","DOWN"
"677834_at","DOWN"
"221711_at","DOWN"
"221504_at","UP"
"10869_at","UP"
"619505_at","DOWN"
"9910_at","DOWN"
"100287934_at","DOWN"
"102723331_at","DOWN"
"100506571_at","DOWN"
"100131257_at","DOWN"
"6398_at","UP"
"23659_at","UP"
"2335_at","UP"
"9854_at","UP"
"100874188_at","DOWN"
"8303_at","UP"
"6944_at","UP"
"3221_at","UP"
"101927082_at","DOWN"
"2793_at","UP"
"11221_at","UP"
"338069_at","DOWN"
"7542_at","UP"
"29070_at","UP"
"2353_at","DOWN"
"6618_at","UP"
"51496_at","DOWN"
"54820_at","UP"
"80346_at","UP"
"7058_at","UP"
"728640_at","DOWN"
"3008_at","UP"
"7288_at","DOWN"
"7365_at","DOWN"
"101928058_at","DOWN"
"10567_at","UP"
"339230_at","UP"
"112942_at","DOWN"
"10873_at","DOWN"
"102724349_at","DOWN"
"391037_at","DOWN"
"56915_at","UP"
"65125_at","DOWN"
"101927355_at","DOWN"
"94059_at","DOWN"
"619571_at","DOWN"
"951_at","UP"
"79836_at","DOWN"
"570_at","DOWN"
"5430_at","UP"
"79607_at","UP"
"8729_at","UP"
"54973_at","UP"
"79888_at","UP"
"100133331_at","DOWN"
"5871_at","UP"
"157285_at","UP"
"7916_at","UP"
"337972_at","UP"
"7328_at","UP"
"100505736_at","DOWN"
"8843_at","DOWN"
"339123_at","UP"
"84852_at","DOWN"
"60528_at","UP"
"221037_at","DOWN"
"8837_at","DOWN"
"29920_at","UP"
"6262_at","DOWN"
"54926_at","UP"
"3265_at","UP"
"9810_at","UP"
"56943_at","DOWN"
"256471_at","DOWN"
"767605_at","DOWN"
"9301_at","DOWN"
"79939_at","UP"
"64799_at","DOWN"
"79868_at","DOWN"
"1496_at","DOWN"
"22880_at","UP"
"163590_at","UP"
"5338_at","UP"
"7410_at","UP"
"23318_at","DOWN"
"102723741_at","DOWN"
"55777_at","DOWN"
"4088_at","UP"
"283483_at","DOWN"
"406890_at","DOWN"
"7428_at","UP"
"203238_at","DOWN"
"57703_at","DOWN"
"390059_at","DOWN"
"101928561_at","DOWN"
"79651_at","UP"
"101927831_at","DOWN"
"7105_at","UP"
"23759_at","UP"
"10665_at","DOWN"
"3337_at","DOWN"
"4267_at","UP"
"55109_at","UP"
"91582_at","UP"
"9235_at","UP"
"127069_at","DOWN"
"5575_at","UP"
"440270_at","DOWN"
"3569_at","DOWN"
"9491_at","UP"
"404216_at","DOWN"
"151877_at","DOWN"
"3297_at","UP"
"9124_at","UP"
"83856_at","DOWN"
"55088_at","DOWN"
"3001_at","UP"
"677808_at","DOWN"
"378108_at","DOWN"
"79137_at","UP"
"1727_at","UP"
"118421_at","DOWN"
"7469_at","UP"
"440072_at","DOWN"
"729975_at","UP"
"9146_at","UP"
"100500854_at","DOWN"
"8481_at","DOWN"
"284325_at","UP"
"55102_at","DOWN"
"102724757_at","DOWN"
"7067_at","UP"
"23765_at","UP"
"57408_at","DOWN"
"102724748_at","DOWN"
"10409_at","UP"
"767569_at","DOWN"
"147645_at","UP"
"1365_at","UP"
"644135_at","DOWN"
"693191_at","DOWN"
"9737_at","DOWN"
"9612_at","UP"
"26799_at","DOWN"
"10124_at","DOWN"
"5118_at","UP"
"254973_at","DOWN"
"29761_at","DOWN"
"1855_at","UP"
"80830_at","UP"
"79837_at","UP"
"5921_at","DOWN"
"148645_at","DOWN"
"8336_at","UP"
"81030_at","UP"
"254773_at","DOWN"
"100996419_at","DOWN"
"1326_at","DOWN"
"10618_at","UP"
"9530_at","UP"
"9772_at","UP"
"6586_at","UP"
"3636_at","UP"
"126328_at","UP"
"4090_at","DOWN"
"91039_at","UP"
"23047_at","DOWN"
"63893_at","UP"
"997_at","UP"
"196483_at","UP"
"10162_at","UP"
"55204_at","UP"
"100126784_at","DOWN"
"30827_at","UP"
"54998_at","UP"
"728537_at","DOWN"
"8342_at","UP"
"85313_at","DOWN"
"347734_at","UP"
"79609_at","DOWN"
"57178_at","UP"
"5555_at","DOWN"
"81629_at","DOWN"
"6885_at","DOWN"
"444_at","DOWN"
"7126_at","UP"
"100302240_at","DOWN"
"1952_at","UP"
"100616354_at","DOWN"
"10928_at","UP"
"1479_at","DOWN"
"6439_at","DOWN"
"101927098_at","DOWN"
"7319_at","UP"
"4152_at","UP"
"545_at","DOWN"
"994_at","UP"
"285555_at","DOWN"
"285016_at","DOWN"
"101928324_at","DOWN"
"256356_at","DOWN"
"1798_at","UP"
"85358_at","UP"
"57563_at","DOWN"
"100506406_at","DOWN"
"55670_at","UP"
"100422946_at","DOWN"
"79071_at","UP"
"8759_at","DOWN"
"80745_at","DOWN"
"2395_at","UP"
"5150_at","DOWN"
"102724731_at","DOWN"
"7127_at","UP"
"11273_at","UP"
"100422868_at","DOWN"
"7536_at","UP"
"64376_at","DOWN"
"2995_at","UP"
"7424_at","UP"
"1033_at","UP"
"56257_at","UP"
"51529_at","UP"
"101929312_at","DOWN"
"414926_at","DOWN"
"255403_at","UP"
"406882_at","DOWN"
"641638_at","DOWN"
"8503_at","UP"
"101927888_at","DOWN"
"285172_at","DOWN"
"1616_at","UP"
"23253_at","DOWN"
"101928744_at","DOWN"
"3187_at","DOWN"
"57649_at","UP"
"83638_at","UP"
"6185_at","UP"
"23187_at","UP"
"374395_at","UP"
"338321_at","DOWN"
"4851_at","UP"
"641516_at","DOWN"
"145282_at","DOWN"
"467_at","DOWN"
"341019_at","DOWN"
"65990_at","UP"
"101927659_at","DOWN"
"55707_at","UP"
"9156_at","UP"
"54832_at","DOWN"
"100996634_at","DOWN"
"140545_at","DOWN"
"23508_at","UP"
"3310_at","DOWN"
"11066_at","UP"
"4836_at","UP"
"79002_at","UP"
"7355_at","UP"
"101927136_at","DOWN"
"5547_at","UP"
"23230_at","DOWN"
"53942_at","DOWN"
"4907_at","UP"
"728888_at","DOWN"
"55620_at","UP"
"5869_at","UP"
"92181_at","UP"
"9812_at","UP"
"677795_at","DOWN"
"55273_at","DOWN"
"55684_at","UP"
"25855_at","UP"
"4289_at","DOWN"
"330_at","DOWN"
"5930_at","DOWN"
"26098_at","DOWN"
"9997_at","UP"
"55004_at","UP"
"29071_at","UP"
"7037_at","DOWN"
"83460_at","UP"
"8742_at","UP"
"84300_at","UP"
"283345_at","UP"
"25771_at","UP"
"53_at","UP"
"11065_at","UP"
"64834_at","UP"
"1729_at","UP"
"101929064_at","DOWN"
"8491_at","DOWN"
"2783_at","UP"
"345_at","DOWN"
"54961_at","UP"
"7812_at","DOWN"
"213_at","DOWN"
"6376_at","UP"
"101928859_at","DOWN"
"153090_at","UP"
"2950_at","UP"
"9672_at","UP"
"132160_at","UP"
"51073_at","UP"
"9829_at","UP"
"7423_at","UP"
"221545_at","UP"
"51141_at","DOWN"
"701_at","UP"
"4335_at","UP"
"23332_at","DOWN"
"7436_at","UP"
"284106_at","UP"
"100874342_at","DOWN"
"10120_at","UP"
"100033432_at","DOWN"
"84186_at","DOWN"
"7562_at","DOWN"
"55230_at","DOWN"
"54518_at","UP"
"10553_at","UP"
"293_at","UP"
"10653_at","UP"
"10227_at","UP"
"80169_at","UP"
"11070_at","UP"
"100616396_at","DOWN"
"22839_at","UP"
"574511_at","DOWN"
"55112_at","DOWN"
"84134_at","UP"
"101928834_at","DOWN"
"57589_at","DOWN"
"10540_at","UP"
"58506_at","UP"
"79096_at","UP"
"10573_at","UP"
"55324_at","UP"
"55651_at","UP"
"8775_at","UP"
"64755_at","UP"
"100506791_at","DOWN"
"100379571_at","UP"
"84971_at","UP"
"4064_at","UP"
"7133_at","UP"
"5858_at","DOWN"
"3561_at","UP"
"9364_at","DOWN"
"64420_at","UP"
"3977_at","DOWN"
"394_at","DOWN"
"81691_at","DOWN"
"221322_at","DOWN"
"6624_at","UP"
"91300_at","UP"
"728323_at","DOWN"
"10616_at","UP"
"100616430_at","DOWN"
"1306_at","UP"
"23161_at","DOWN"
"1523_at","UP"
"647286_at","DOWN"
"51603_at","UP"
"100874123_at","DOWN"
"10011_at","UP"
"100616152_at","DOWN"
"2571_at","DOWN"
"10138_at","DOWN"
"56120_at","DOWN"
"7095_at","DOWN"
"131118_at","DOWN"
"51586_at","UP"
"57473_at","UP"
"79005_at","UP"
"4337_at","UP"
"80700_at","UP"
"26819_at","DOWN"
"1841_at","UP"
"2068_at","UP"
"5005_at","DOWN"
"89941_at","UP"
"1820_at","UP"
"874_at","UP"
"374875_at","UP"
"9666_at","DOWN"
"5600_at","UP"
"57175_at","UP"
"84948_at","UP"
"81618_at","UP"
"79842_at","UP"
"727896_at","DOWN"
"29995_at","UP"
"80765_at","UP"
"51054_at","UP"
"101954277_at","DOWN"
"3055_at","UP"
"54033_at","DOWN"
"54148_at","DOWN"
"101926906_at","DOWN"
"55105_at","DOWN"
"55720_at","UP"
"5101_at","DOWN"
"29941_at","UP"
"10328_at","UP"
"23218_at","UP"
"100873983_at","DOWN"
"85285_at","DOWN"
"80781_at","UP"
"58496_at","DOWN"
"114991_at","UP"
"767579_at","DOWN"
"407043_at","DOWN"
"102723549_at","DOWN"
"10009_at","UP"
"30001_at","UP"
"23137_at","DOWN"
"2624_at","UP"
"6559_at","DOWN"
"1209_at","UP"
"51704_at","UP"
"11014_at","UP"
"6352_at","UP"
"100874064_at","DOWN"
"245802_at","DOWN"
"23264_at","UP"
"2874_at","UP"
"54442_at","UP"
"8880_at","DOWN"
"4240_at","UP"
"390072_at","DOWN"
"10625_at","DOWN"
"23313_at","UP"
"84900_at","UP"
"191585_at","DOWN"
"399664_at","UP"
"145216_at","DOWN"
"692107_at","DOWN"
"57580_at","UP"
"51092_at","UP"
"4247_at","UP"
"100302219_at","DOWN"
"90379_at","UP"
"7392_at","UP"
"10248_at","UP"
"161742_at","UP"
"81127_at","DOWN"
"84993_at","UP"
"25928_at","UP"
"93210_at","UP"
"55095_at","UP"
"10061_at","UP"
"30836_at","DOWN"
"101927577_at","DOWN"
"10205_at","UP"
"79752_at","DOWN"
"90011_at","DOWN"
"4938_at","UP"
"101926887_at","DOWN"
"10550_at","UP"
"390067_at","DOWN"
"3205_at","UP"
"677811_at","DOWN"
"5746_at","DOWN"
"10529_at","DOWN"
"10113_at","UP"
"10050_at","DOWN"
"835_at","UP"
"155400_at","DOWN"
"152098_at","DOWN"
"84316_at","UP"
"55733_at","UP"
"100507308_at","DOWN"
"57586_at","DOWN"
"102723616_at","UP"
"158401_at","DOWN"
"142_at","UP"
"65056_at","DOWN"
"26123_at","UP"
"83607_at","UP"
"4067_at","UP"
"4794_at","UP"
"10929_at","UP"
"9786_at","DOWN"
"5132_at","DOWN"
"101928717_at","DOWN"
"84518_at","UP"
"51447_at","DOWN"
"9678_at","DOWN"
"130271_at","DOWN"
"23326_at","UP"
"64844_at","DOWN"
"10801_at","UP"
"643988_at","UP"
"5256_at","DOWN"
"1894_at","UP"
"6693_at","UP"
"100422937_at","DOWN"
"10432_at","UP"
"64776_at","DOWN"
"79827_at","DOWN"
"22827_at","UP"
"101927808_at","DOWN"
"55667_at","DOWN"
"28989_at","UP"
"399761_at","DOWN"
"55680_at","DOWN"
"11022_at","UP"
"101929718_at","DOWN"
"55727_at","UP"
"4221_at","UP"
"127665_at","DOWN"
"353164_at","DOWN"
"102238594_at","DOWN"
"1454_at","UP"
"55898_at","UP"
"101927057_at","DOWN"
"23509_at","UP"
"219623_at","UP"
"100507283_at","DOWN"
"677769_at","DOWN"
"5325_at","DOWN"
"29062_at","DOWN"
"5141_at","UP"
"5296_at","UP"
"27202_at","UP"
"339344_at","UP"
"55135_at","UP"
"26121_at","UP"
"79649_at","UP"
"23401_at","UP"
"84326_at","UP"
"5351_at","UP"
"51239_at","UP"
"79600_at","UP"
"6793_at","UP"
"55023_at","DOWN"
"169714_at","UP"
"6602_at","UP"
"5911_at","UP"
"7940_at","UP"
"2691_at","DOWN"
"8360_at","UP"
"26054_at","DOWN"
"81873_at","UP"
"2982_at","UP"
"222696_at","DOWN"
"3991_at","UP"
"163033_at","UP"
"63875_at","UP"
"122961_at","UP"
"4501_at","DOWN"
"51222_at","UP"
"79570_at","DOWN"
"100422929_at","DOWN"
"146760_at","UP"
"693165_at","DOWN"
"83874_at","UP"
"5105_at","DOWN"
"1861_at","UP"
"10768_at","DOWN"
"54577_at","DOWN"
"10454_at","UP"
"23452_at","UP"
"100126341_at","DOWN"
"3995_at","UP"
"9764_at","UP"
"389765_at","DOWN"
"7673_at","DOWN"
"10856_at","UP"
"56262_at","UP"
"643339_at","DOWN"
"254879_at","DOWN"
"388325_at","UP"
"6428_at","DOWN"
"10142_at","DOWN"
"5033_at","DOWN"
"100873972_at","DOWN"
"693175_at","DOWN"
"329_at","DOWN"
"102724283_at","DOWN"
"126119_at","UP"
"23053_at","UP"
"101928810_at","DOWN"
"8266_at","UP"
"5211_at","UP"
"5866_at","UP"
"55527_at","UP"
"57659_at","UP"
"102724885_at","DOWN"
"55177_at","UP"
"26167_at","UP"
"9261_at","UP"
"3073_at","UP"
"83850_at","DOWN"
"102724476_at","DOWN"
"10181_at","DOWN"
"26145_at","UP"
"1487_at","UP"
"767595_at","DOWN"
"80851_at","UP"
"84219_at","UP"
"10609_at","UP"
"9820_at","UP"
"442038_at","DOWN"
"6125_at","DOWN"
"1039_at","UP"
"948_at","UP"
"4935_at","UP"
"9534_at","DOWN"
"100422969_at","DOWN"
"677829_at","DOWN"
"9147_at","DOWN"
"283349_at","UP"
"80823_at","UP"
"54955_at","UP"
"55111_at","UP"
"55831_at","UP"
"23583_at","UP"
"101929639_at","UP"
"654502_at","DOWN"
"90378_at","UP"
"100287852_at","DOWN"
"83443_at","UP"
"100462977_at","DOWN"
"283149_at","UP"
"1524_at","UP"
"92483_at","DOWN"
"724022_at","DOWN"
"54472_at","UP"
"149018_at","DOWN"
"23184_at","UP"
"160851_at","DOWN"
"2762_at","UP"
"55917_at","UP"
"2100_at","DOWN"
"29924_at","UP"
"9477_at","UP"
"64150_at","DOWN"
"9168_at","UP"
"79707_at","UP"
"100033424_at","DOWN"
"255187_at","DOWN"
"2760_at","UP"
"113419_at","UP"
"23774_at","UP"
"5549_at","UP"
"29086_at","UP"
"692110_at","DOWN"
"65095_at","UP"
"6101_at","DOWN"
"60685_at","UP"
"3303_at","DOWN"
"613210_at","DOWN"
"101928161_at","DOWN"
"10286_at","DOWN"
"8605_at","UP"
"101929369_at","DOWN"
"5294_at","UP"
"1474_at","UP"
"64328_at","DOWN"
"100505741_at","DOWN"
"55330_at","UP"
"11267_at","UP"
"100124537_at","DOWN"
"7529_at","UP"
"80726_at","DOWN"
"1954_at","UP"
"728637_at","DOWN"
"6146_at","DOWN"
"8572_at","UP"
"55974_at","UP"
"283106_at","DOWN"
"25923_at","UP"
"124402_at","UP"
"81328_at","DOWN"
"4848_at","DOWN"
"100131205_at","DOWN"
"7454_at","UP"
"3292_at","UP"
"51411_at","UP"
"4893_at","UP"
"10396_at","DOWN"
"3012_at","UP"
"54822_at","DOWN"
"173_at","DOWN"
"1388_at","UP"
"571_at","DOWN"
"375611_at","DOWN"
"26824_at","DOWN"
"8743_at","UP"
"101929526_at","DOWN"
"693219_at","DOWN"
"7783_at","DOWN"
"101927211_at","DOWN"
"677838_at","DOWN"
"23354_at","DOWN"
"100132707_at","UP"
"11223_at","DOWN"
"10106_at","UP"
"5711_at","UP"
"100873769_at","DOWN"
"22902_at","DOWN"
"53827_at","UP"
"100506142_at","DOWN"
"1665_at","DOWN"
"11092_at","UP"
"7920_at","UP"
"100885777_at","DOWN"
"101929372_at","DOWN"
"10818_at","DOWN"
"80853_at","DOWN"
"8498_at","UP"
"9532_at","UP"
"9600_at","UP"
"5330_at","UP"
"100499177_at","DOWN"
"102724815_at","DOWN"
"391_at","UP"
"4924_at","UP"
"388121_at","DOWN"
"54629_at","UP"
"9694_at","DOWN"
"115290_at","UP"
"401027_at","DOWN"
"79159_at","UP"
"91289_at","UP"
"81631_at","UP"
"513_at","UP"
"11130_at","UP"
"58155_at","DOWN"
"9189_at","UP"
"653489_at","DOWN"
"642273_at","DOWN"
"1267_at","UP"
"387263_at","UP"
"51022_at","UP"
"55553_at","DOWN"
"144486_at","DOWN"
"392360_at","DOWN"
"121227_at","DOWN"
"154467_at","UP"
"11245_at","DOWN"
"5966_at","DOWN"
"101929539_at","DOWN"
"7029_at","DOWN"
"693176_at","DOWN"
"102724293_at","DOWN"
"283755_at","DOWN"
"390_at","DOWN"
"8733_at","UP"
"92305_at","UP"
"3743_at","DOWN"
"3184_at","DOWN"
"101927354_at","DOWN"
"553103_at","DOWN"
"10320_at","UP"
"3223_at","UP"
"10067_at","UP"
"79796_at","UP"
"9049_at","UP"
"4829_at","UP"
"727936_at","UP"
"100033423_at","DOWN"
"101927710_at","DOWN"
"9252_at","DOWN"
"54776_at","UP"
"2243_at","DOWN"
"101928553_at","DOWN"
"29904_at","UP"
"5156_at","DOWN"
"2538_at","DOWN"
"101409258_at","DOWN"
"5199_at","UP"
"6525_at","UP"
"5714_at","UP"
"24148_at","UP"
"11337_at","UP"
"4707_at","DOWN"
"10518_at","UP"
"4052_at","UP"
"81671_at","DOWN"
"222235_at","DOWN"
"22823_at","DOWN"
"9181_at","UP"
"260341_at","DOWN"
"64859_at","DOWN"
"56949_at","UP"
"574406_at","DOWN"
"26781_at","DOWN"
"84085_at","DOWN"
"390110_at","DOWN"
"101927803_at","DOWN"
"23352_at","DOWN"
"26267_at","UP"
"100144603_at","UP"
"65220_at","UP"
"677850_at","DOWN"
"84850_at","DOWN"
"90324_at","UP"
"80336_at","DOWN"
"8530_at","UP"
"148137_at","UP"
"202052_at","UP"
"728448_at","DOWN"
"338442_at","DOWN"
"1762_at","UP"
"152185_at","DOWN"
"389541_at","UP"
"55957_at","UP"
"8971_at","UP"
"284323_at","DOWN"
"51069_at","UP"
"9304_at","DOWN"
"147184_at","UP"
"83590_at","UP"
"57147_at","DOWN"
"2615_at","UP"
"8815_at","UP"
"653513_at","DOWN"
"285954_at","DOWN"
"101928052_at","DOWN"
"407975_at","DOWN"
"767612_at","DOWN"
"100313886_at","DOWN"
"102724167_at","DOWN"
"692053_at","DOWN"
"56936_at","DOWN"
"644873_at","UP"
"29109_at","UP"
"827_at","UP"
"1760_at","UP"
"54509_at","UP"
"101928131_at","DOWN"
"100507398_at","DOWN"
"7266_at","DOWN"
"692094_at","UP"
"57823_at","UP"
"10875_at","UP"
"55037_at","DOWN"
"1857_at","UP"
"642587_at","DOWN"
"158381_at","DOWN"
"101929646_at","DOWN"
"90332_at","UP"
"387893_at","UP"
"100422912_at","DOWN"
"100507373_at","UP"
"7978_at","DOWN"
"80305_at","UP"
"79879_at","UP"
"4782_at","UP"
"6326_at","DOWN"
"100033439_at","DOWN"
"2194_at","UP"
"100129148_at","DOWN"
"222068_at","UP"
"284340_at","DOWN"
"4047_at","UP"
"719_at","UP"
"83667_at","UP"
"9407_at","DOWN"
"100500811_at","DOWN"
"6867_at","DOWN"
"55161_at","UP"
"6455_at","UP"
"84128_at","DOWN"
"55737_at","UP"
"692209_at","DOWN"
"259282_at","DOWN"
"401261_at","DOWN"
"8509_at","UP"
"100505964_at","DOWN"
"147685_at","DOWN"
"51042_at","UP"
"55793_at","UP"
"10154_at","UP"
"9851_at","DOWN"
"26046_at","DOWN"
"387036_at","DOWN"
"91252_at","UP"
"23293_at","UP"
"221060_at","DOWN"
"6166_at","DOWN"
"379025_at","DOWN"
"10975_at","UP"
"79848_at","DOWN"
"340980_at","DOWN"
"102723866_at","DOWN"
"10769_at","UP"
"9179_at","UP"
"160760_at","DOWN"
"55732_at","DOWN"
"101930332_at","UP"
"375196_at","UP"
"2188_at","UP"
"7559_at","DOWN"
"740_at","UP"
"767609_at","DOWN"
"472_at","DOWN"
"57538_at","UP"
"203245_at","UP"
"7408_at","UP"
"116115_at","UP"
"100616326_at","DOWN"
"11335_at","DOWN"
"1104_at","UP"
"574505_at","DOWN"
"30008_at","UP"
"124997_at","UP"
"4128_at","DOWN"
"26767_at","DOWN"
"2720_at","UP"
"55789_at","DOWN"
"100422994_at","DOWN"
"201895_at","UP"
"23480_at","DOWN"
"255783_at","UP"
"55501_at","UP"
"8835_at","DOWN"
"7267_at","DOWN"
"414245_at","DOWN"
"4000_at","UP"
"57608_at","UP"
"100507433_at","DOWN"
"9050_at","UP"
"100506974_at","DOWN"
"4356_at","DOWN"
"116138_at","UP"
"100422850_at","DOWN"
"101929689_at","DOWN"
"140258_at","DOWN"
"5434_at","UP"
"23545_at","UP"
"9757_at","UP"
"54936_at","UP"
"383_at","DOWN"
"57216_at","UP"
"5536_at","UP"
"100506557_at","DOWN"
"9121_at","UP"
"102724438_at","DOWN"
"55592_at","DOWN"
"6903_at","UP"
"147929_at","UP"
"64598_at","UP"
"114614_at","DOWN"
"30820_at","DOWN"
"1822_at","UP"
"92092_at","UP"
"401145_at","DOWN"
"3315_at","UP"
"101927815_at","DOWN"
"6431_at","DOWN"
"1349_at","DOWN"
"677_at","UP"
"54868_at","UP"
"101928027_at","DOWN"
"100302150_at","DOWN"
"81490_at","UP"
"5934_at","DOWN"
"79846_at","DOWN"
"5699_at","UP"
"144404_at","UP"
"9701_at","UP"
"79174_at","UP"
"55771_at","UP"
"101928361_at","DOWN"
"79903_at","UP"
"22954_at","UP"
"1192_at","UP"
"90196_at","UP"
"22859_at","UP"
"10343_at","DOWN"
"613227_at","DOWN"
"57674_at","UP"
"9415_at","UP"
"8392_at","DOWN"
"11123_at","UP"
"310_at","DOWN"
"27128_at","UP"
"81035_at","UP"
"54212_at","DOWN"
"10846_at","DOWN"
"4162_at","UP"
"5111_at","UP"
"65258_at","UP"
"54919_at","UP"
"340385_at","UP"
"3683_at","UP"
"101928734_at","DOWN"
"253982_at","UP"
"340526_at","UP"
"894_at","UP"
"7403_at","DOWN"
"22927_at","UP"
"80304_at","UP"
"165257_at","DOWN"
"90784_at","UP"
"102724515_at","DOWN"
"127495_at","DOWN"
"3717_at","DOWN"
"21_at","UP"
"84557_at","UP"
"4216_at","DOWN"
"8930_at","DOWN"
"65083_at","UP"
"7754_at","DOWN"
"65265_at","UP"
"27244_at","DOWN"
"199692_at","UP"
"10287_at","UP"
"100506319_at","DOWN"
"101929591_at","DOWN"
"338817_at","DOWN"
"84268_at","DOWN"
"5740_at","UP"
"285331_at","DOWN"
"51699_at","DOWN"
"26772_at","DOWN"
"23176_at","UP"
"347746_at","DOWN"
"30833_at","UP"
"9739_at","UP"
"4495_at","DOWN"
"102557615_at","DOWN"
"51523_at","UP"
"4218_at","UP"
"2733_at","UP"
"6688_at","UP"
"3725_at","DOWN"
"6491_at","UP"
"2104_at","DOWN"
"10121_at","UP"
"1639_at","UP"
"55281_at","UP"
"2077_at","UP"
"100507421_at","UP"
"93653_at","DOWN"
"3959_at","UP"
"284071_at","DOWN"
"54953_at","DOWN"
"10549_at","UP"
"962_at","UP"
"9946_at","DOWN"
"23193_at","UP"
"100302188_at","DOWN"
"780776_at","DOWN"
"727944_at","DOWN"
"11040_at","UP"
"25828_at","UP"
"26829_at","DOWN"
"9879_at","DOWN"
"2738_at","UP"
"54971_at","UP"
"55773_at","DOWN"
"84922_at","UP"
"80256_at","UP"
"221806_at","DOWN"
"8507_at","UP"
"11232_at","DOWN"
"100422829_at","DOWN"
"8887_at","DOWN"
"8175_at","UP"
"5524_at","UP"
"57572_at","UP"
"115825_at","DOWN"
"100422924_at","DOWN"
"54623_at","UP"
"9589_at","DOWN"
"7381_at","DOWN"
"26259_at","UP"
"5872_at","UP"
"6263_at","DOWN"
"203328_at","DOWN"
"100874016_at","DOWN"
"135892_at","DOWN"
"558_at","UP"
"55588_at","UP"
"51287_at","UP"
"53349_at","UP"
"8520_at","DOWN"
"283104_at","DOWN"
"79188_at","UP"
"402135_at","DOWN"
"2938_at","DOWN"
"196383_at","UP"
"387700_at","DOWN"
"101929679_at","DOWN"
"10632_at","DOWN"
"3109_at","UP"
"22909_at","DOWN"
"4597_at","UP"
"6392_at","DOWN"
"146540_at","UP"
"23152_at","UP"
"79877_at","UP"
"100506124_at","DOWN"
"25831_at","DOWN"
"10844_at","UP"
"10123_at","UP"
"10654_at","UP"
"84964_at","UP"
"66005_at","UP"
"101927861_at","DOWN"
"84296_at","UP"
"9778_at","DOWN"
"5476_at","UP"
"26238_at","DOWN"
"129685_at","UP"
"2119_at","UP"
"100287144_at","DOWN"
"27013_at","UP"
"23481_at","UP"
"79970_at","DOWN"
"114787_at","UP"
"93953_at","DOWN"
"51503_at","DOWN"
"51499_at","UP"
"10913_at","DOWN"
"54816_at","DOWN"
"677825_at","DOWN"
"10039_at","UP"
"10467_at","UP"
"85028_at","DOWN"
"101928231_at","DOWN"
"3005_at","UP"
"7862_at","UP"
"3915_at","UP"
"682_at","UP"
"149951_at","UP"
"654320_at","DOWN"
"9111_at","UP"
"643201_at","DOWN"
"442919_at","DOWN"
"25961_at","DOWN"
"10281_at","DOWN"
"84250_at","DOWN"
"5997_at","DOWN"
"120534_at","DOWN"
"100127889_at","DOWN"
"1675_at","UP"
"202333_at","DOWN"
"414918_at","UP"
"10134_at","UP"
"229_at","DOWN"
"29934_at","UP"
"245972_at","DOWN"
"22974_at","UP"
"8558_at","UP"
"79024_at","DOWN"
"78994_at","UP"
"6207_at","DOWN"
"57136_at","UP"
"90933_at","UP"
"64129_at","UP"
"79582_at","DOWN"
"91368_at","UP"
"155435_at","DOWN"
"5151_at","DOWN"
"100423020_at","UP"
"56834_at","UP"
"64426_at","DOWN"
"100130880_at","DOWN"
"283571_at","DOWN"
"285613_at","UP"
"100462953_at","DOWN"
"124222_at","UP"
"9373_at","UP"
"102724626_at","DOWN"
"100505692_at","DOWN"
"87769_at","DOWN"
"728464_at","UP"
"10463_at","DOWN"
"441389_at","DOWN"
"2145_at","DOWN"
"26817_at","DOWN"
"79850_at","UP"
"339231_at","UP"
"28514_at","UP"
"64963_at","UP"
"55504_at","UP"
"8859_at","UP"
"79006_at","UP"
"207063_at","UP"
"7533_at","UP"
"23474_at","UP"
"390152_at","DOWN"
"7692_at","DOWN"
"6239_at","DOWN"
"84640_at","DOWN"
"196_at","UP"
"81607_at","DOWN"
"23250_at","UP"
"101927547_at","DOWN"
"5087_at","UP"
"100124536_at","DOWN"
"79091_at","UP"
"203260_at","UP"
"6837_at","UP"
"10747_at","DOWN"
"92291_at","DOWN"
"114757_at","UP"
"64342_at","UP"
"11103_at","DOWN"
"387748_at","DOWN"
"2030_at","UP"
"10494_at","UP"
"100134015_at","DOWN"
"55332_at","UP"
"693177_at","DOWN"
"4343_at","UP"
"375387_at","UP"
"6156_at","DOWN"
"7051_at","DOWN"
"11052_at","DOWN"
"51163_at","UP"
"158572_at","UP"
"192286_at","UP"
"5253_at","UP"
"101929121_at","DOWN"
"256586_at","UP"
"85377_at","UP"
"100126326_at","DOWN"
"5550_at","UP"
"637_at","UP"
"23181_at","UP"
"340277_at","DOWN"
"201562_at","UP"
"100873941_at","DOWN"
"1613_at","UP"
"64321_at","UP"
"100113391_at","DOWN"
"162073_at","UP"
"157247_at","UP"
"390084_at","DOWN"
"79171_at","UP"
"7407_at","UP"
"5586_at","DOWN"
"3108_at","UP"
"360132_at","DOWN"
"100507034_at","DOWN"
"57761_at","UP"
"5336_at","DOWN"
"2827_at","DOWN"
"27151_at","UP"
"7733_at","UP"
"1113_at","UP"
"51365_at","UP"
"1260_at","DOWN"
"148789_at","UP"
"126326_at","UP"
"3588_at","UP"
"6324_at","UP"
"98_at","UP"
"5122_at","DOWN"
"2098_at","DOWN"
"5507_at","UP"
"26796_at","DOWN"
"100505616_at","DOWN"
"79583_at","UP"
"343563_at","DOWN"
"1672_at","DOWN"
"22879_at","UP"
"285335_at","DOWN"
"642819_at","DOWN"
"51593_at","UP"
"83598_at","DOWN"
"92106_at","DOWN"
"101929713_at","DOWN"
"595097_at","DOWN"
"171017_at","UP"
"594842_at","UP"
"10212_at","UP"
"8701_at","DOWN"
"163882_at","DOWN"
"84872_at","UP"
"25853_at","UP"
"664617_at","DOWN"
"92703_at","DOWN"
"11194_at","UP"
"54579_at","DOWN"
"284525_at","DOWN"
"4616_at","DOWN"
"7073_at","DOWN"
"100616286_at","DOWN"
"100505774_at","DOWN"
"53838_at","UP"
"341883_at","DOWN"
"54834_at","DOWN"
"6741_at","DOWN"
"8881_at","DOWN"
"284485_at","UP"
"100507513_at","DOWN"
"717_at","UP"
"6303_at","DOWN"
"55012_at","UP"
"6103_at","DOWN"
"84068_at","DOWN"
"55223_at","UP"
"53829_at","UP"
"2830_at","UP"
"80764_at","UP"
"1063_at","UP"
"5684_at","DOWN"
"100996654_at","DOWN"
"285423_at","DOWN"
"138428_at","UP"
"100288687_at","DOWN"
"54345_at","UP"
"26792_at","DOWN"
"8368_at","UP"
"10283_at","DOWN"
"9811_at","UP"
"2983_at","UP"
"57061_at","DOWN"
"9278_at","UP"
"25960_at","UP"
"51095_at","DOWN"
"5480_at","UP"
"6336_at","DOWN"
"9647_at","UP"
"9349_at","DOWN"
"55188_at","DOWN"
"4194_at","DOWN"
"2010_at","UP"
"3663_at","UP"
"130916_at","DOWN"
"85003_at","DOWN"
"85363_at","UP"
"55285_at","DOWN"
"100306975_at","DOWN"
"8358_at","UP"
"441478_at","UP"
"84279_at","UP"
"101805491_at","DOWN"
"6883_at","UP"
"60673_at","UP"
"100616195_at","DOWN"
"58473_at","UP"
"10891_at","DOWN"
"114905_at","DOWN"
"6810_at","UP"
"100126270_at","DOWN"
"963_at","UP"
"4697_at","DOWN"
"8353_at","UP"
"9980_at","UP"
"285847_at","DOWN"
"64802_at","UP"
"2161_at","UP"
"8603_at","UP"
"101928794_at","DOWN"
"646962_at","DOWN"
"10461_at","DOWN"
"100113381_at","DOWN"
"55233_at","UP"
"100462981_at","DOWN"
"6197_at","UP"
"767590_at","DOWN"
"54734_at","UP"
"54498_at","UP"
"8502_at","DOWN"
"25939_at","UP"
"101927215_at","DOWN"
"7771_at","DOWN"
"127687_at","UP"
"83706_at","UP"
"6546_at","DOWN"
"4242_at","UP"
"2873_at","UP"
"1081_at","DOWN"
"9517_at","UP"
"81892_at","DOWN"
"26470_at","UP"
"84954_at","UP"
"407016_at","DOWN"
"57214_at","DOWN"
"10671_at","DOWN"
"155184_at","DOWN"
"57545_at","DOWN"
"79608_at","DOWN"
"6629_at","DOWN"
"1009_at","UP"
"90826_at","DOWN"
"693127_at","DOWN"
"677820_at","DOWN"
"64760_at","UP"
"101927554_at","DOWN"
